name,ages
고예은,29
이정호,23
이민수,46
류순자,59
지지은,30
양순자,60
조은주,27
고재현,53
김정숙,59
송서준,35
문진호,31
박종수,47
류민수,41
엄수진,47
황현정,58
최은서,54
김준영,52
김경자,28
김준영,36
박성진,45
백옥순,61
노정수,57
김보람,55
배지아,21
최경숙,37
김예은,20
박민서,24
권영숙,43
권재현,61
박민재,25
한은경,20
박경자,23
조하윤,45
김민서,59
나선영,28
차순옥,40
김성민,45
이정숙,50
김영수,45
이예지,22
윤영숙,43
김성호,52
곽미정,21
백정수,50
안선영,52
박성훈,42
김진우,42
박선영,42
이민수,30
송병철,20
성정순,47
김정숙,26
김진우,37
조승현,40
이민지,58
강도윤,24
류정훈,28
류지민,44
송진우,43
김경숙,45
김우진,37
나지은,41
강영호,47
이정자,25
강현정,37
김성훈,26
김도현,58
류지훈,49
송영일,47
박도현,59
황미정,44
황미영,60
김주원,46
류경숙,21
한영진,61
박지후,56
오보람,22
최경수,54
구지현,26
이은경,44
이도윤,57
구지우,52
한수빈,24
김지원,24
성성훈,35
김정웅,44
정현우,33
김영호,36
이경숙,41
이영순,56
김시우,58
김민서,45
김민재,57
김아름,57
이정자,46
이영일,54
김준호,48
유현우,44
박옥자,28
김정훈,33
서예지,44
이시우,26
황예지,38
배미숙,50
윤은경,24
권민지,59
한진호,24
박병철,48
심순옥,54
최영자,52
박서윤,34
이민서,54
백지우,55
김서준,44
김예지,56
김성민,22
조경희,50
황준혁,31
남옥자,39
안정식,42
배정숙,32
한상호,22
한중수,52
김지민,32
지숙자,49
김도윤,20
송윤서,44
강경수,50
박도현,42
김병철,45
김서윤,60
김현숙,46
윤은서,20
류민지,39
박유진,31
김준호,26
조현지,42
이현지,56
오현우,39
김종수,32
김정수,54
최영숙,59
김도윤,35
오지아,46
김민준,32
우승민,27
김명숙,45
이수진,49
이재호,30
이하은,33
김서준,28
허지우,61
심수빈,27
강지원,52
윤미경,44
황상현,53
김보람,37
양채원,48
김미정,30
이은지,44
김수민,46
김미영,47
이정자,51
윤준영,29
오종수,48
김성민,60
김예진,52
최상호,24
민민서,49
이옥자,35
김채원,42
박서현,24
이혜진,42
김시우,45
안영호,61
박광수,40
주승민,52
이정훈,35
송영진,23
홍상철,60
조정희,42
김경숙,25
김예진,23
박춘자,53
이아름,32
김아름,26
장지연,21
배정숙,53
신영미,55
박정훈,28
송성수,57
김성진,43
박유진,47
장정훈,50
김정훈,50
김진우,57
김동현,38
박중수,61
김순자,41
이예원,24
이도윤,21
한정남,30
박중수,54
이유진,33
김민석,50
김현정,41
서영진,48
이현숙,49
한정자,30
조지혜,35
최명자,43
최경수,32
류지후,30
이정순,55
차영희,30
김명숙,34
송영길,61
최지원,46
이민수,32
박서영,24
박현준,44
김정웅,21
정은주,33
김채원,30
김주원,41
류선영,51
윤영수,54
이지우,49
윤수민,48
이춘자,38
손숙자,59
한옥자,61
서성수,28
장지훈,49
김숙자,44
오지후,34
주경자,44
박성수,37
김성민,31
김예지,60
서상철,49
임지혜,31
차지혜,33
오준서,54
박은정,23
김명자,52
김은정,40
이미숙,40
이미정,45
송준혁,57
손은경,42
이지훈,52
양진우,22
김혜진,59
고명자,50
고진호,58
박옥순,28
김재호,23
이순자,30
이도윤,45
김경수,59
김보람,27
나진호,61
정영자,41
김서영,58
김준서,53
김지우,32
이정수,46
박재호,55
박은경,25
박은지,58
박수진,53
박재호,25
이승현,61
김영진,25
김지아,23
강은서,42
장지연,57
노승현,35
이병철,57
양예원,39
김정자,32
이승현,58
이영순,57
김민지,45
조성수,37
김성진,55
이지영,44
김지후,41
이서영,56
김정남,34
박민지,52
주은주,33
백옥순,39
최도현,39
박영희,21
서하윤,45
김정남,27
최서현,40
이승현,30
박광수,53
최현지,28
하채원,50
서은지,57
박은경,47
황경수,37
김상훈,53
이은주,61
김성수,20
김지민,37
박정희,42
주아름,31
이영순,28
김아름,52
허성민,33
박영환,26
최현우,27
이예지,57
이지영,28
권준서,21
이영순,48
이미영,36
이승현,56
차은정,44
김지훈,30
이민수,25
김정훈,25
나민석,56
강지아,44
주지영,51
심현지,24
김경수,40
박아름,46
이영수,30
박성진,44
오예준,27
김민재,56
김예은,55
김지원,61
박정식,47
김춘자,22
권서윤,55
이영일,54
박진호,44
손지영,37
심성민,48
김지현,29
안준혁,30
윤영환,43
김서영,44
윤현우,46
권예진,57
장아름,37
나진우,23
김채원,48
김정훈,51
강하윤,52
윤지아,39
김우진,50
안현우,26
박성훈,44
홍성현,54
홍채원,34
이옥자,43
남준호,20
한혜진,34
이예원,22
김예은,27
강정호,58
이경희,39
강중수,44
심하은,21
박서윤,38
장종수,40
서현준,30
김현정,24
김순옥,31
오수빈,57
이수빈,33
김민지,40
김명숙,28
문영진,44
김성현,48
구현숙,30
김상호,28
허영진,56
김민지,31
장지혜,52
이지민,24
김중수,48
서예준,33
오정웅,58
김순자,34
박현숙,37
이영일,35
안예원,28
김미숙,55
이수빈,48
최영호,55
김현정,55
최수진,31
박영식,55
김명숙,58
나춘자,26
장정남,46
박주원,57
장수진,48
노미영,22
강옥자,23
박영철,45
김서윤,30
류정웅,53
조준서,44
이지연,59
김미정,55
최예원,33
이준영,39
최지민,57
김채원,39
박성민,52
정민재,60
권성수,43
김혜진,33
서지원,58
최성진,57
황지원,26
김민재,60
전지영,42
김예원,33
허서현,53
장경희,56
이진우,59
김진호,24
이현주,59
김정훈,30
나영숙,32
고선영,22
김정남,45
류시우,50
김영일,33
박민석,48
강명자,25
나수빈,47
한수진,49
김예은,34
황지후,31
이영일,26
박중수,31
김성현,24
김예원,48
배우진,25
박준호,21
권영호,41
조상철,22
이건우,32
박예지,22
문영희,58
이예원,54
장준혁,57
류영일,46
최영희,39
최서현,54
조진우,40
문미숙,28
문은정,50
김지아,42
김서윤,58
김영철,36
강재현,56
정영숙,24
김경수,50
이은서,54
이영철,43
김정호,56
류은주,31
박성민,57
홍건우,61
손은영,26
황서윤,36
양서준,45
이현정,52
이영식,36
김승현,27
박지훈,20
이정자,25
이수민,23
박서영,31
하우진,39
문재현,21
이준영,28
이지아,33
권순자,24
심혜진,50
김상철,42
박현준,32
이예지,24
안영숙,36
김건우,45
고경숙,42
박민수,61
